INSERT INTO `departamentos` (`id`, `nombre`, `created_at`, `updated_at`) VALUES
(5, 'ANTIOQUIA', NULL, NULL),
(8, 'ATLÁNTICO', NULL, NULL),
(11, 'BOGOTÁ, D.C.', NULL, NULL),
(13, 'BOLÍVAR', NULL, NULL),
(15, 'BOYACÁ', NULL, NULL),
(17, 'CALDAS', NULL, NULL),
(18, 'CAQUETÁ', NULL, NULL),
(19, 'CAUCA', NULL, NULL),
(20, 'CESAR', NULL, NULL),
(23, 'CÓRDOBA', NULL, NULL),
(25, 'CUNDINAMARCA', NULL, NULL),
(27, 'CHOCÓ', NULL, NULL),
(41, 'HUILA', NULL, NULL),
(44, 'LA GUAJIRA', NULL, NULL),
(47, 'MAGDALENA', NULL, NULL),
(50, 'META', NULL, NULL),
(52, 'NARIÑO', NULL, NULL),
(54, 'NORTE DE SANTANDER', NULL, NULL),
(63, 'QUINDIO', NULL, NULL),
(66, 'RISARALDA', NULL, NULL),
(68, 'SANTANDER', NULL, NULL),
(70, 'SUCRE', NULL, NULL),
(73, 'TOLIMA', NULL, NULL),
(76, 'VALLE DEL CAUCA', NULL, NULL),
(81, 'ARAUCA', NULL, NULL),
(85, 'CASANARE', NULL, NULL),
(86, 'PUTUMAYO', NULL, NULL),
(88, 'ARCHIPIÉLAGO DE SAN ANDRÉS, PROVIDENCIA Y SANTA CATALINA', NULL, NULL),
(91, 'AMAZONAS', NULL, NULL),
(94, 'GUAINÍA', NULL, NULL),
(95, 'GUAVIARE', NULL, NULL),
(97, 'VAUPÉS', NULL, NULL),
(99, 'VICHADA', NULL, NULL);

--
-- Volcado de datos para la tabla `informaciones_academicas`
--
INSERT INTO `municipios` (`id`, `nombre`, `estado`, `id_departamento`, `created_at`, `updated_at`) VALUES
(1, 'Abriaquí', 1, 5, NULL, NULL),
(2, 'Acacías', 1, 50, NULL, NULL),
(3, 'Acandí', 1, 27, NULL, NULL),
(4, 'Acevedo', 1, 41, NULL, NULL),
(5, 'Achí', 1, 13, NULL, NULL),
(6, 'Agrado', 1, 41, NULL, NULL),
(7, 'Agua de Dios', 1, 25, NULL, NULL),
(8, 'Aguachica', 1, 20, NULL, NULL),
(9, 'Aguada', 1, 68, NULL, NULL),
(10, 'Aguadas', 1, 17, NULL, NULL),
(11, 'Aguazul', 1, 85, NULL, NULL),
(12, 'Agustín Codazzi', 1, 20, NULL, NULL),
(13, 'Aipe', 1, 41, NULL, NULL),
(14, 'Albania', 1, 18, NULL, NULL),
(15, 'Albania', 1, 44, NULL, NULL),
(16, 'Albania', 1, 68, NULL, NULL),
(17, 'Albán', 1, 25, NULL, NULL),
(18, 'Albán (San José)', 1, 52, NULL, NULL),
(19, 'Alcalá', 1, 76, NULL, NULL),
(20, 'Alejandria', 1, 5, NULL, NULL),
(21, 'Algarrobo', 1, 47, NULL, NULL),
(22, 'Algeciras', 1, 41, NULL, NULL),
(23, 'Almaguer', 1, 19, NULL, NULL),
(24, 'Almeida', 1, 15, NULL, NULL),
(25, 'Alpujarra', 1, 73, NULL, NULL),
(26, 'Altamira', 1, 41, NULL, NULL),
(27, 'Alto Baudó (Pie de Pato)', 1, 27, NULL, NULL),
(28, 'Altos del Rosario', 1, 13, NULL, NULL),
(29, 'Alvarado', 1, 73, NULL, NULL),
(30, 'Amagá', 1, 5, NULL, NULL),
(31, 'Amalfi', 1, 5, NULL, NULL),
(32, 'Ambalema', 1, 73, NULL, NULL),
(33, 'Anapoima', 1, 25, NULL, NULL),
(34, 'Ancuya', 1, 52, NULL, NULL),
(35, 'Andalucía', 1, 76, NULL, NULL),
(36, 'Andes', 1, 5, NULL, NULL),
(37, 'Angelópolis', 1, 5, NULL, NULL),
(38, 'Angostura', 1, 5, NULL, NULL),
(39, 'Anolaima', 1, 25, NULL, NULL),
(40, 'Anorí', 1, 5, NULL, NULL),
(41, 'Anserma', 1, 17, NULL, NULL),
(42, 'Ansermanuevo', 1, 76, NULL, NULL),
(43, 'Anzoátegui', 1, 73, NULL, NULL),
(44, 'Anzá', 1, 5, NULL, NULL),
(45, 'Apartadó', 1, 5, NULL, NULL),
(46, 'Apulo', 1, 25, NULL, NULL),
(47, 'Apía', 1, 66, NULL, NULL),
(48, 'Aquitania', 1, 15, NULL, NULL),
(49, 'Aracataca', 1, 47, NULL, NULL),
(50, 'Aranzazu', 1, 17, NULL, NULL),
(51, 'Aratoca', 1, 68, NULL, NULL),
(52, 'Arauca', 1, 81, NULL, NULL),
(53, 'Arauquita', 1, 81, NULL, NULL),
(54, 'Arbeláez', 1, 25, NULL, NULL),
(55, 'Arboleda (Berruecos)', 1, 52, NULL, NULL),
(56, 'Arboledas', 1, 54, NULL, NULL),
(57, 'Arboletes', 1, 5, NULL, NULL),
(58, 'Arcabuco', 1, 15, NULL, NULL),
(59, 'Arenal', 1, 13, NULL, NULL),
(60, 'Argelia', 1, 5, NULL, NULL),
(61, 'Argelia', 1, 19, NULL, NULL),
(62, 'Argelia', 1, 76, NULL, NULL),
(63, 'Ariguaní (El Difícil)', 1, 47, NULL, NULL),
(64, 'Arjona', 1, 13, NULL, NULL),
(65, 'Armenia', 1, 5, NULL, NULL),
(66, 'Armenia', 1, 63, NULL, NULL),
(67, 'Armero (Guayabal)', 1, 73, NULL, NULL),
(68, 'Arroyohondo', 1, 13, NULL, NULL),
(69, 'Astrea', 1, 20, NULL, NULL),
(70, 'Ataco', 1, 73, NULL, NULL),
(71, 'Atrato (Yuto)', 1, 27, NULL, NULL),
(72, 'Ayapel', 1, 23, NULL, NULL),
(73, 'Bagadó', 1, 27, NULL, NULL),
(74, 'Bahía Solano (Mútis)', 1, 27, NULL, NULL),
(75, 'Bajo Baudó (Pizarro)', 1, 27, NULL, NULL),
(76, 'Balboa', 1, 19, NULL, NULL),
(77, 'Balboa', 1, 66, NULL, NULL),
(78, 'Baranoa', 1, 8, NULL, NULL),
(79, 'Baraya', 1, 41, NULL, NULL),
(80, 'Barbacoas', 1, 52, NULL, NULL),
(81, 'Barbosa', 1, 5, NULL, NULL),
(82, 'Barbosa', 1, 68, NULL, NULL),
(83, 'Barichara', 1, 68, NULL, NULL),
(84, 'Barranca de Upía', 1, 50, NULL, NULL),
(85, 'Barrancabermeja', 1, 68, NULL, NULL),
(86, 'Barrancas', 1, 44, NULL, NULL),
(87, 'Barranco de Loba', 1, 13, NULL, NULL),
(88, 'Barranquilla', 1, 8, NULL, NULL),
(89, 'Becerríl', 1, 20, NULL, NULL),
(90, 'Belalcázar', 1, 17, NULL, NULL),
(91, 'Bello', 1, 5, NULL, NULL),
(92, 'Belmira', 1, 5, NULL, NULL),
(93, 'Beltrán', 1, 25, NULL, NULL),
(94, 'Belén', 1, 15, NULL, NULL),
(95, 'Belén', 1, 52, NULL, NULL),
(96, 'Belén de Bajirá', 1, 27, NULL, NULL),
(97, 'Belén de Umbría', 1, 66, NULL, NULL),
(98, 'Belén de los Andaquíes', 1, 18, NULL, NULL),
(99, 'Berbeo', 1, 15, NULL, NULL),
(100, 'Betania', 1, 5, NULL, NULL),
(101, 'Beteitiva', 1, 15, NULL, NULL),
(102, 'Betulia', 1, 5, NULL, NULL),
(103, 'Betulia', 1, 68, NULL, NULL),
(104, 'Bituima', 1, 25, NULL, NULL),
(105, 'Boavita', 1, 15, NULL, NULL),
(106, 'Bochalema', 1, 54, NULL, NULL),
(107, 'Bogotá D.C.', 1, 11, NULL, NULL),
(108, 'Bojacá', 1, 25, NULL, NULL),
(109, 'Bojayá (Bellavista)', 1, 27, NULL, NULL),
(110, 'Bolívar', 1, 5, NULL, NULL),
(111, 'Bolívar', 1, 19, NULL, NULL),
(112, 'Bolívar', 1, 68, NULL, NULL),
(113, 'Bolívar', 1, 76, NULL, NULL),
(114, 'Bosconia', 1, 20, NULL, NULL),
(115, 'Boyacá', 1, 15, NULL, NULL),
(116, 'Briceño', 1, 5, NULL, NULL),
(117, 'Briceño', 1, 15, NULL, NULL),
(118, 'Bucaramanga', 1, 68, NULL, NULL),
(119, 'Bucarasica', 1, 54, NULL, NULL),
(120, 'Buenaventura', 1, 76, NULL, NULL),
(121, 'Buenavista', 1, 15, NULL, NULL),
(122, 'Buenavista', 1, 23, NULL, NULL),
(123, 'Buenavista', 1, 63, NULL, NULL),
(124, 'Buenavista', 1, 70, NULL, NULL),
(125, 'Buenos Aires', 1, 19, NULL, NULL),
(126, 'Buesaco', 1, 52, NULL, NULL),
(127, 'Buga', 1, 76, NULL, NULL),
(128, 'Bugalagrande', 1, 76, NULL, NULL),
(129, 'Burítica', 1, 5, NULL, NULL),
(130, 'Busbanza', 1, 15, NULL, NULL),
(131, 'Cabrera', 1, 25, NULL, NULL),
(132, 'Cabrera', 1, 68, NULL, NULL),
(133, 'Cabuyaro', 1, 50, NULL, NULL),
(134, 'Cachipay', 1, 25, NULL, NULL),
(135, 'Caicedo', 1, 5, NULL, NULL),
(136, 'Caicedonia', 1, 76, NULL, NULL),
(137, 'Caimito', 1, 70, NULL, NULL),
(138, 'Cajamarca', 1, 73, NULL, NULL),
(139, 'Cajibío', 1, 19, NULL, NULL),
(140, 'Cajicá', 1, 25, NULL, NULL),
(141, 'Calamar', 1, 13, NULL, NULL),
(142, 'Calamar', 1, 95, NULL, NULL),
(143, 'Calarcá', 1, 63, NULL, NULL),
(144, 'Caldas', 1, 5, NULL, NULL),
(145, 'Caldas', 1, 15, NULL, NULL),
(146, 'Caldono', 1, 19, NULL, NULL),
(147, 'California', 1, 68, NULL, NULL),
(148, 'Calima (Darién)', 1, 76, NULL, NULL),
(149, 'Caloto', 1, 19, NULL, NULL),
(150, 'Calí', 1, 76, NULL, NULL),
(151, 'Campamento', 1, 5, NULL, NULL),
(152, 'Campo de la Cruz', 1, 8, NULL, NULL),
(153, 'Campoalegre', 1, 41, NULL, NULL),
(154, 'Campohermoso', 1, 15, NULL, NULL),
(155, 'Canalete', 1, 23, NULL, NULL),
(156, 'Candelaria', 1, 8, NULL, NULL),
(157, 'Candelaria', 1, 76, NULL, NULL),
(158, 'Cantagallo', 1, 13, NULL, NULL),
(159, 'Cantón de San Pablo', 1, 27, NULL, NULL),
(160, 'Caparrapí', 1, 25, NULL, NULL),
(161, 'Capitanejo', 1, 68, NULL, NULL),
(162, 'Caracolí', 1, 5, NULL, NULL),
(163, 'Caramanta', 1, 5, NULL, NULL),
(164, 'Carcasí', 1, 68, NULL, NULL),
(165, 'Carepa', 1, 5, NULL, NULL),
(166, 'Carmen de Apicalá', 1, 73, NULL, NULL),
(167, 'Carmen de Carupa', 1, 25, NULL, NULL),
(168, 'Carmen de Viboral', 1, 5, NULL, NULL),
(169, 'Carmen del Darién (CURBARADÓ)', 1, 27, NULL, NULL),
(170, 'Carolina', 1, 5, NULL, NULL),
(171, 'Cartagena', 1, 13, NULL, NULL),
(172, 'Cartagena del Chairá', 1, 18, NULL, NULL),
(173, 'Cartago', 1, 76, NULL, NULL),
(174, 'Carurú', 1, 97, NULL, NULL),
(175, 'Casabianca', 1, 73, NULL, NULL),
(176, 'Castilla la Nueva', 1, 50, NULL, NULL),
(177, 'Caucasia', 1, 5, NULL, NULL),
(178, 'Cañasgordas', 1, 5, NULL, NULL),
(179, 'Cepita', 1, 68, NULL, NULL),
(180, 'Cereté', 1, 23, NULL, NULL),
(181, 'Cerinza', 1, 15, NULL, NULL),
(182, 'Cerrito', 1, 68, NULL, NULL),
(183, 'Cerro San Antonio', 1, 47, NULL, NULL),
(184, 'Chachaguí', 1, 52, NULL, NULL),
(185, 'Chaguaní', 1, 25, NULL, NULL),
(186, 'Chalán', 1, 70, NULL, NULL),
(187, 'Chaparral', 1, 73, NULL, NULL),
(188, 'Charalá', 1, 68, NULL, NULL),
(189, 'Charta', 1, 68, NULL, NULL),
(190, 'Chigorodó', 1, 5, NULL, NULL),
(191, 'Chima', 1, 68, NULL, NULL),
(192, 'Chimichagua', 1, 20, NULL, NULL),
(193, 'Chimá', 1, 23, NULL, NULL),
(194, 'Chinavita', 1, 15, NULL, NULL),
(195, 'Chinchiná', 1, 17, NULL, NULL),
(196, 'Chinácota', 1, 54, NULL, NULL),
(197, 'Chinú', 1, 23, NULL, NULL),
(198, 'Chipaque', 1, 25, NULL, NULL),
(199, 'Chipatá', 1, 68, NULL, NULL),
(200, 'Chiquinquirá', 1, 15, NULL, NULL),
(201, 'Chiriguaná', 1, 20, NULL, NULL),
(202, 'Chiscas', 1, 15, NULL, NULL),
(203, 'Chita', 1, 15, NULL, NULL),
(204, 'Chitagá', 1, 54, NULL, NULL),
(205, 'Chitaraque', 1, 15, NULL, NULL),
(206, 'Chivatá', 1, 15, NULL, NULL),
(207, 'Chivolo', 1, 47, NULL, NULL),
(208, 'Choachí', 1, 25, NULL, NULL),
(209, 'Chocontá', 1, 25, NULL, NULL),
(210, 'Chámeza', 1, 85, NULL, NULL),
(211, 'Chía', 1, 25, NULL, NULL),
(212, 'Chíquiza', 1, 15, NULL, NULL),
(213, 'Chívor', 1, 15, NULL, NULL),
(214, 'Cicuco', 1, 13, NULL, NULL),
(215, 'Cimitarra', 1, 68, NULL, NULL),
(216, 'Circasia', 1, 63, NULL, NULL),
(217, 'Cisneros', 1, 5, NULL, NULL),
(218, 'Ciénaga', 1, 15, NULL, NULL),
(219, 'Ciénaga', 1, 47, NULL, NULL),
(220, 'Ciénaga de Oro', 1, 23, NULL, NULL),
(221, 'Clemencia', 1, 13, NULL, NULL),
(222, 'Cocorná', 1, 5, NULL, NULL),
(223, 'Coello', 1, 73, NULL, NULL),
(224, 'Cogua', 1, 25, NULL, NULL),
(225, 'Colombia', 1, 41, NULL, NULL),
(226, 'Colosó (Ricaurte)', 1, 70, NULL, NULL),
(227, 'Colón', 1, 86, NULL, NULL),
(228, 'Colón (Génova)', 1, 52, NULL, NULL),
(229, 'Concepción', 1, 5, NULL, NULL),
(230, 'Concepción', 1, 68, NULL, NULL),
(231, 'Concordia', 1, 5, NULL, NULL),
(232, 'Concordia', 1, 47, NULL, NULL),
(233, 'Condoto', 1, 27, NULL, NULL),
(234, 'Confines', 1, 68, NULL, NULL),
(235, 'Consaca', 1, 52, NULL, NULL),
(236, 'Contadero', 1, 52, NULL, NULL),
(237, 'Contratación', 1, 68, NULL, NULL),
(238, 'Convención', 1, 54, NULL, NULL),
(239, 'Copacabana', 1, 5, NULL, NULL),
(240, 'Coper', 1, 15, NULL, NULL),
(241, 'Cordobá', 1, 63, NULL, NULL),
(242, 'Corinto', 1, 19, NULL, NULL),
(243, 'Coromoro', 1, 68, NULL, NULL),
(244, 'Corozal', 1, 70, NULL, NULL),
(245, 'Corrales', 1, 15, NULL, NULL),
(246, 'Cota', 1, 25, NULL, NULL),
(247, 'Cotorra', 1, 23, NULL, NULL),
(248, 'Covarachía', 1, 15, NULL, NULL),
(249, 'Coveñas', 1, 70, NULL, NULL),
(250, 'Coyaima', 1, 73, NULL, NULL),
(251, 'Cravo Norte', 1, 81, NULL, NULL),
(252, 'Cuaspud (Carlosama)', 1, 52, NULL, NULL),
(253, 'Cubarral', 1, 50, NULL, NULL),
(254, 'Cubará', 1, 15, NULL, NULL),
(255, 'Cucaita', 1, 15, NULL, NULL),
(256, 'Cucunubá', 1, 25, NULL, NULL),
(257, 'Cucutilla', 1, 54, NULL, NULL),
(258, 'Cuitiva', 1, 15, NULL, NULL),
(259, 'Cumaral', 1, 50, NULL, NULL),
(260, 'Cumaribo', 1, 99, NULL, NULL),
(261, 'Cumbal', 1, 52, NULL, NULL),
(262, 'Cumbitara', 1, 52, NULL, NULL),
(263, 'Cunday', 1, 73, NULL, NULL),
(264, 'Curillo', 1, 18, NULL, NULL),
(265, 'Curití', 1, 68, NULL, NULL),
(266, 'Curumaní', 1, 20, NULL, NULL),
(267, 'Cáceres', 1, 5, NULL, NULL),
(268, 'Cáchira', 1, 54, NULL, NULL),
(269, 'Cácota', 1, 54, NULL, NULL),
(270, 'Cáqueza', 1, 25, NULL, NULL),
(271, 'Cértegui', 1, 27, NULL, NULL),
(272, 'Cómbita', 1, 15, NULL, NULL),
(273, 'Córdoba', 1, 13, NULL, NULL),
(274, 'Córdoba', 1, 52, NULL, NULL),
(275, 'Cúcuta', 1, 54, NULL, NULL),
(276, 'Dabeiba', 1, 5, NULL, NULL),
(277, 'Dagua', 1, 76, NULL, NULL),
(278, 'Dibulla', 1, 44, NULL, NULL),
(279, 'Distracción', 1, 44, NULL, NULL),
(280, 'Dolores', 1, 73, NULL, NULL),
(281, 'Don Matías', 1, 5, NULL, NULL),
(282, 'Dos Quebradas', 1, 66, NULL, NULL),
(283, 'Duitama', 1, 15, NULL, NULL),
(284, 'Durania', 1, 54, NULL, NULL),
(285, 'Ebéjico', 1, 5, NULL, NULL),
(286, 'El Bagre', 1, 5, NULL, NULL),
(287, 'El Banco', 1, 47, NULL, NULL),
(288, 'El Cairo', 1, 76, NULL, NULL),
(289, 'El Calvario', 1, 50, NULL, NULL),
(290, 'El Carmen', 1, 54, NULL, NULL),
(291, 'El Carmen', 1, 68, NULL, NULL),
(292, 'El Carmen de Atrato', 1, 27, NULL, NULL),
(293, 'El Carmen de Bolívar', 1, 13, NULL, NULL),
(294, 'El Castillo', 1, 50, NULL, NULL),
(295, 'El Cerrito', 1, 76, NULL, NULL),
(296, 'El Charco', 1, 52, NULL, NULL),
(297, 'El Cocuy', 1, 15, NULL, NULL),
(298, 'El Colegio', 1, 25, NULL, NULL),
(299, 'El Copey', 1, 20, NULL, NULL),
(300, 'El Doncello', 1, 18, NULL, NULL),
(301, 'El Dorado', 1, 50, NULL, NULL),
(302, 'El Dovio', 1, 76, NULL, NULL),
(303, 'El Espino', 1, 15, NULL, NULL),
(304, 'El Guacamayo', 1, 68, NULL, NULL),
(305, 'El Guamo', 1, 13, NULL, NULL),
(306, 'El Molino', 1, 44, NULL, NULL),
(307, 'El Paso', 1, 20, NULL, NULL),
(308, 'El Paujil', 1, 18, NULL, NULL),
(309, 'El Peñol', 1, 52, NULL, NULL),
(310, 'El Peñon', 1, 13, NULL, NULL),
(311, 'El Peñon', 1, 68, NULL, NULL),
(312, 'El Peñón', 1, 25, NULL, NULL),
(313, 'El Piñon', 1, 47, NULL, NULL),
(314, 'El Playón', 1, 68, NULL, NULL),
(315, 'El Retorno', 1, 95, NULL, NULL),
(316, 'El Retén', 1, 47, NULL, NULL),
(317, 'El Roble', 1, 70, NULL, NULL),
(318, 'El Rosal', 1, 25, NULL, NULL),
(319, 'El Rosario', 1, 52, NULL, NULL),
(320, 'El Tablón de Gómez', 1, 52, NULL, NULL),
(321, 'El Tambo', 1, 19, NULL, NULL),
(322, 'El Tambo', 1, 52, NULL, NULL),
(323, 'El Tarra', 1, 54, NULL, NULL),
(324, 'El Zulia', 1, 54, NULL, NULL),
(325, 'El Águila', 1, 76, NULL, NULL),
(326, 'Elías', 1, 41, NULL, NULL),
(327, 'Encino', 1, 68, NULL, NULL),
(328, 'Enciso', 1, 68, NULL, NULL),
(329, 'Entrerríos', 1, 5, NULL, NULL),
(330, 'Envigado', 1, 5, NULL, NULL),
(331, 'Espinal', 1, 73, NULL, NULL),
(332, 'Facatativá', 1, 25, NULL, NULL),
(333, 'Falan', 1, 73, NULL, NULL),
(334, 'Filadelfia', 1, 17, NULL, NULL),
(335, 'Filandia', 1, 63, NULL, NULL),
(336, 'Firavitoba', 1, 15, NULL, NULL),
(337, 'Flandes', 1, 73, NULL, NULL),
(338, 'Florencia', 1, 18, NULL, NULL),
(339, 'Florencia', 1, 19, NULL, NULL),
(340, 'Floresta', 1, 15, NULL, NULL),
(341, 'Florida', 1, 76, NULL, NULL),
(342, 'Floridablanca', 1, 68, NULL, NULL),
(343, 'Florián', 1, 68, NULL, NULL),
(344, 'Fonseca', 1, 44, NULL, NULL),
(345, 'Fortúl', 1, 81, NULL, NULL),
(346, 'Fosca', 1, 25, NULL, NULL),
(347, 'Francisco Pizarro', 1, 52, NULL, NULL),
(348, 'Fredonia', 1, 5, NULL, NULL),
(349, 'Fresno', 1, 73, NULL, NULL),
(350, 'Frontino', 1, 5, NULL, NULL),
(351, 'Fuente de Oro', 1, 50, NULL, NULL),
(352, 'Fundación', 1, 47, NULL, NULL),
(353, 'Funes', 1, 52, NULL, NULL),
(354, 'Funza', 1, 25, NULL, NULL),
(355, 'Fusagasugá', 1, 25, NULL, NULL),
(356, 'Fómeque', 1, 25, NULL, NULL),
(357, 'Fúquene', 1, 25, NULL, NULL),
(358, 'Gachalá', 1, 25, NULL, NULL),
(359, 'Gachancipá', 1, 25, NULL, NULL),
(360, 'Gachantivá', 1, 15, NULL, NULL),
(361, 'Gachetá', 1, 25, NULL, NULL),
(362, 'Galapa', 1, 8, NULL, NULL),
(363, 'Galeras (Nueva Granada)', 1, 70, NULL, NULL),
(364, 'Galán', 1, 68, NULL, NULL),
(365, 'Gama', 1, 25, NULL, NULL),
(366, 'Gamarra', 1, 20, NULL, NULL),
(367, 'Garagoa', 1, 15, NULL, NULL),
(368, 'Garzón', 1, 41, NULL, NULL),
(369, 'Gigante', 1, 41, NULL, NULL),
(370, 'Ginebra', 1, 76, NULL, NULL),
(371, 'Giraldo', 1, 5, NULL, NULL),
(372, 'Girardot', 1, 25, NULL, NULL),
(373, 'Girardota', 1, 5, NULL, NULL),
(374, 'Girón', 1, 68, NULL, NULL),
(375, 'Gonzalez', 1, 20, NULL, NULL),
(376, 'Gramalote', 1, 54, NULL, NULL),
(377, 'Granada', 1, 5, NULL, NULL),
(378, 'Granada', 1, 25, NULL, NULL),
(379, 'Granada', 1, 50, NULL, NULL),
(380, 'Guaca', 1, 68, NULL, NULL),
(381, 'Guacamayas', 1, 15, NULL, NULL),
(382, 'Guacarí', 1, 76, NULL, NULL),
(383, 'Guachavés', 1, 52, NULL, NULL),
(384, 'Guachené', 1, 19, NULL, NULL),
(385, 'Guachetá', 1, 25, NULL, NULL),
(386, 'Guachucal', 1, 52, NULL, NULL),
(387, 'Guadalupe', 1, 5, NULL, NULL),
(388, 'Guadalupe', 1, 41, NULL, NULL),
(389, 'Guadalupe', 1, 68, NULL, NULL),
(390, 'Guaduas', 1, 25, NULL, NULL),
(391, 'Guaitarilla', 1, 52, NULL, NULL),
(392, 'Gualmatán', 1, 52, NULL, NULL),
(393, 'Guamal', 1, 47, NULL, NULL),
(394, 'Guamal', 1, 50, NULL, NULL),
(395, 'Guamo', 1, 73, NULL, NULL),
(396, 'Guapota', 1, 68, NULL, NULL),
(397, 'Guapí', 1, 19, NULL, NULL),
(398, 'Guaranda', 1, 70, NULL, NULL),
(399, 'Guarne', 1, 5, NULL, NULL),
(400, 'Guasca', 1, 25, NULL, NULL),
(401, 'Guatapé', 1, 5, NULL, NULL),
(402, 'Guataquí', 1, 25, NULL, NULL),
(403, 'Guatavita', 1, 25, NULL, NULL),
(404, 'Guateque', 1, 15, NULL, NULL),
(405, 'Guavatá', 1, 68, NULL, NULL),
(406, 'Guayabal de Siquima', 1, 25, NULL, NULL),
(407, 'Guayabetal', 1, 25, NULL, NULL),
(408, 'Guayatá', 1, 15, NULL, NULL),
(409, 'Guepsa', 1, 68, NULL, NULL),
(410, 'Guicán', 1, 15, NULL, NULL),
(411, 'Gutiérrez', 1, 25, NULL, NULL),
(412, 'Guática', 1, 66, NULL, NULL),
(413, 'Gámbita', 1, 68, NULL, NULL),
(414, 'Gámeza', 1, 15, NULL, NULL),
(415, 'Génova', 1, 63, NULL, NULL),
(416, 'Gómez Plata', 1, 5, NULL, NULL),
(417, 'Hacarí', 1, 54, NULL, NULL),
(418, 'Hatillo de Loba', 1, 13, NULL, NULL),
(419, 'Hato', 1, 68, NULL, NULL),
(420, 'Hato Corozal', 1, 85, NULL, NULL),
(421, 'Hatonuevo', 1, 44, NULL, NULL),
(422, 'Heliconia', 1, 5, NULL, NULL),
(423, 'Herrán', 1, 54, NULL, NULL),
(424, 'Herveo', 1, 73, NULL, NULL),
(425, 'Hispania', 1, 5, NULL, NULL),
(426, 'Hobo', 1, 41, NULL, NULL),
(427, 'Honda', 1, 73, NULL, NULL),
(428, 'Ibagué', 1, 73, NULL, NULL),
(429, 'Icononzo', 1, 73, NULL, NULL),
(430, 'Iles', 1, 52, NULL, NULL),
(431, 'Imúes', 1, 52, NULL, NULL),
(432, 'Inzá', 1, 19, NULL, NULL),
(433, 'Inírida', 1, 94, NULL, NULL),
(434, 'Ipiales', 1, 52, NULL, NULL),
(435, 'Isnos', 1, 41, NULL, NULL),
(436, 'Istmina', 1, 27, NULL, NULL),
(437, 'Itagüí', 1, 5, NULL, NULL),
(438, 'Ituango', 1, 5, NULL, NULL),
(439, 'Izá', 1, 15, NULL, NULL),
(440, 'Jambaló', 1, 19, NULL, NULL),
(441, 'Jamundí', 1, 76, NULL, NULL),
(442, 'Jardín', 1, 5, NULL, NULL),
(443, 'Jenesano', 1, 15, NULL, NULL),
(444, 'Jericó', 1, 5, NULL, NULL),
(445, 'Jericó', 1, 15, NULL, NULL),
(446, 'Jerusalén', 1, 25, NULL, NULL),
(447, 'Jesús María', 1, 68, NULL, NULL),
(448, 'Jordán', 1, 68, NULL, NULL),
(449, 'Juan de Acosta', 1, 8, NULL, NULL),
(450, 'Junín', 1, 25, NULL, NULL),
(451, 'Juradó', 1, 27, NULL, NULL),
(452, 'La Apartada y La Frontera', 1, 23, NULL, NULL),
(453, 'La Argentina', 1, 41, NULL, NULL),
(454, 'La Belleza', 1, 68, NULL, NULL),
(455, 'La Calera', 1, 25, NULL, NULL),
(456, 'La Capilla', 1, 15, NULL, NULL),
(457, 'La Ceja', 1, 5, NULL, NULL),
(458, 'La Celia', 1, 66, NULL, NULL),
(459, 'La Cruz', 1, 52, NULL, NULL),
(460, 'La Cumbre', 1, 76, NULL, NULL),
(461, 'La Dorada', 1, 17, NULL, NULL),
(462, 'La Esperanza', 1, 54, NULL, NULL),
(463, 'La Estrella', 1, 5, NULL, NULL),
(464, 'La Florida', 1, 52, NULL, NULL),
(465, 'La Gloria', 1, 20, NULL, NULL),
(466, 'La Jagua de Ibirico', 1, 20, NULL, NULL),
(467, 'La Jagua del Pilar', 1, 44, NULL, NULL),
(468, 'La Llanada', 1, 52, NULL, NULL),
(469, 'La Macarena', 1, 50, NULL, NULL),
(470, 'La Merced', 1, 17, NULL, NULL),
(471, 'La Mesa', 1, 25, NULL, NULL),
(472, 'La Montañita', 1, 18, NULL, NULL),
(473, 'La Palma', 1, 25, NULL, NULL),
(474, 'La Paz', 1, 68, NULL, NULL),
(475, 'La Paz (Robles)', 1, 20, NULL, NULL),
(476, 'La Peña', 1, 25, NULL, NULL),
(477, 'La Pintada', 1, 5, NULL, NULL),
(478, 'La Plata', 1, 41, NULL, NULL),
(479, 'La Playa', 1, 54, NULL, NULL),
(480, 'La Primavera', 1, 99, NULL, NULL),
(481, 'La Salina', 1, 85, NULL, NULL),
(482, 'La Sierra', 1, 19, NULL, NULL),
(483, 'La Tebaida', 1, 63, NULL, NULL),
(484, 'La Tola', 1, 52, NULL, NULL),
(485, 'La Unión', 1, 5, NULL, NULL),
(486, 'La Unión', 1, 52, NULL, NULL),
(487, 'La Unión', 1, 70, NULL, NULL),
(488, 'La Unión', 1, 76, NULL, NULL),
(489, 'La Uvita', 1, 15, NULL, NULL),
(490, 'La Vega', 1, 19, NULL, NULL),
(491, 'La Vega', 1, 25, NULL, NULL),
(492, 'La Victoria', 1, 15, NULL, NULL),
(493, 'La Victoria', 1, 17, NULL, NULL),
(494, 'La Victoria', 1, 76, NULL, NULL),
(495, 'La Virginia', 1, 66, NULL, NULL),
(496, 'Labateca', 1, 54, NULL, NULL),
(497, 'Labranzagrande', 1, 15, NULL, NULL),
(498, 'Landázuri', 1, 68, NULL, NULL),
(499, 'Lebrija', 1, 68, NULL, NULL),
(500, 'Leiva', 1, 52, NULL, NULL),
(501, 'Lejanías', 1, 50, NULL, NULL),
(502, 'Lenguazaque', 1, 25, NULL, NULL),
(503, 'Leticia', 1, 91, NULL, NULL),
(504, 'Liborina', 1, 5, NULL, NULL),
(505, 'Linares', 1, 52, NULL, NULL),
(506, 'Lloró', 1, 27, NULL, NULL),
(507, 'Lorica', 1, 23, NULL, NULL),
(508, 'Los Córdobas', 1, 23, NULL, NULL),
(509, 'Los Palmitos', 1, 70, NULL, NULL),
(510, 'Los Patios', 1, 54, NULL, NULL),
(511, 'Los Santos', 1, 68, NULL, NULL),
(512, 'Lourdes', 1, 54, NULL, NULL),
(513, 'Luruaco', 1, 8, NULL, NULL),
(514, 'Lérida', 1, 73, NULL, NULL),
(515, 'Líbano', 1, 73, NULL, NULL),
(516, 'López (Micay)', 1, 19, NULL, NULL),
(517, 'Macanal', 1, 15, NULL, NULL),
(518, 'Macaravita', 1, 68, NULL, NULL),
(519, 'Maceo', 1, 5, NULL, NULL),
(520, 'Machetá', 1, 25, NULL, NULL),
(521, 'Madrid', 1, 25, NULL, NULL),
(522, 'Magangué', 1, 13, NULL, NULL),
(523, 'Magüi (Payán)', 1, 52, NULL, NULL),
(524, 'Mahates', 1, 13, NULL, NULL),
(525, 'Maicao', 1, 44, NULL, NULL),
(526, 'Majagual', 1, 70, NULL, NULL),
(527, 'Malambo', 1, 8, NULL, NULL),
(528, 'Mallama (Piedrancha)', 1, 52, NULL, NULL),
(529, 'Manatí', 1, 8, NULL, NULL),
(530, 'Manaure', 1, 44, NULL, NULL),
(531, 'Manaure Balcón del Cesar', 1, 20, NULL, NULL),
(532, 'Manizales', 1, 17, NULL, NULL),
(533, 'Manta', 1, 25, NULL, NULL),
(534, 'Manzanares', 1, 17, NULL, NULL),
(535, 'Maní', 1, 85, NULL, NULL),
(536, 'Mapiripan', 1, 50, NULL, NULL),
(537, 'Margarita', 1, 13, NULL, NULL),
(538, 'Marinilla', 1, 5, NULL, NULL),
(539, 'Maripí', 1, 15, NULL, NULL),
(540, 'Mariquita', 1, 73, NULL, NULL),
(541, 'Marmato', 1, 17, NULL, NULL),
(542, 'Marquetalia', 1, 17, NULL, NULL),
(543, 'Marsella', 1, 66, NULL, NULL),
(544, 'Marulanda', 1, 17, NULL, NULL),
(545, 'María la Baja', 1, 13, NULL, NULL),
(546, 'Matanza', 1, 68, NULL, NULL),
(547, 'Medellín', 1, 5, NULL, NULL),
(548, 'Medina', 1, 25, NULL, NULL),
(549, 'Medio Atrato', 1, 27, NULL, NULL),
(550, 'Medio Baudó', 1, 27, NULL, NULL),
(551, 'Medio San Juan (ANDAGOYA)', 1, 27, NULL, NULL),
(552, 'Melgar', 1, 73, NULL, NULL),
(553, 'Mercaderes', 1, 19, NULL, NULL),
(554, 'Mesetas', 1, 50, NULL, NULL),
(555, 'Milán', 1, 18, NULL, NULL),
(556, 'Miraflores', 1, 15, NULL, NULL),
(557, 'Miraflores', 1, 95, NULL, NULL),
(558, 'Miranda', 1, 19, NULL, NULL),
(559, 'Mistrató', 1, 66, NULL, NULL),
(560, 'Mitú', 1, 97, NULL, NULL),
(561, 'Mocoa', 1, 86, NULL, NULL),
(562, 'Mogotes', 1, 68, NULL, NULL),
(563, 'Molagavita', 1, 68, NULL, NULL),
(564, 'Momil', 1, 23, NULL, NULL),
(565, 'Mompós', 1, 13, NULL, NULL),
(566, 'Mongua', 1, 15, NULL, NULL),
(567, 'Monguí', 1, 15, NULL, NULL),
(568, 'Moniquirá', 1, 15, NULL, NULL),
(569, 'Montebello', 1, 5, NULL, NULL),
(570, 'Montecristo', 1, 13, NULL, NULL),
(571, 'Montelíbano', 1, 23, NULL, NULL),
(572, 'Montenegro', 1, 63, NULL, NULL),
(573, 'Monteria', 1, 23, NULL, NULL),
(574, 'Monterrey', 1, 85, NULL, NULL),
(575, 'Morales', 1, 13, NULL, NULL),
(576, 'Morales', 1, 19, NULL, NULL),
(577, 'Morelia', 1, 18, NULL, NULL),
(578, 'Morroa', 1, 70, NULL, NULL),
(579, 'Mosquera', 1, 25, NULL, NULL),
(580, 'Mosquera', 1, 52, NULL, NULL),
(581, 'Motavita', 1, 15, NULL, NULL),
(582, 'Moñitos', 1, 23, NULL, NULL),
(583, 'Murillo', 1, 73, NULL, NULL),
(584, 'Murindó', 1, 5, NULL, NULL),
(585, 'Mutatá', 1, 5, NULL, NULL),
(586, 'Mutiscua', 1, 54, NULL, NULL),
(587, 'Muzo', 1, 15, NULL, NULL),
(588, 'Málaga', 1, 68, NULL, NULL),
(589, 'Nariño', 1, 5, NULL, NULL),
(590, 'Nariño', 1, 25, NULL, NULL),
(591, 'Nariño', 1, 52, NULL, NULL),
(592, 'Natagaima', 1, 73, NULL, NULL),
(593, 'Nechí', 1, 5, NULL, NULL),
(594, 'Necoclí', 1, 5, NULL, NULL),
(595, 'Neira', 1, 17, NULL, NULL),
(596, 'Neiva', 1, 41, NULL, NULL),
(597, 'Nemocón', 1, 25, NULL, NULL),
(598, 'Nilo', 1, 25, NULL, NULL),
(599, 'Nimaima', 1, 25, NULL, NULL),
(600, 'Nobsa', 1, 15, NULL, NULL),
(601, 'Nocaima', 1, 25, NULL, NULL),
(602, 'Norcasia', 1, 17, NULL, NULL),
(603, 'Norosí', 1, 13, NULL, NULL),
(604, 'Novita', 1, 27, NULL, NULL),
(605, 'Nueva Granada', 1, 47, NULL, NULL),
(606, 'Nuevo Colón', 1, 15, NULL, NULL),
(607, 'Nunchía', 1, 85, NULL, NULL),
(608, 'Nuquí', 1, 27, NULL, NULL),
(609, 'Nátaga', 1, 41, NULL, NULL),
(610, 'Obando', 1, 76, NULL, NULL),
(611, 'Ocamonte', 1, 68, NULL, NULL),
(612, 'Ocaña', 1, 54, NULL, NULL),
(613, 'Oiba', 1, 68, NULL, NULL),
(614, 'Oicatá', 1, 15, NULL, NULL),
(615, 'Olaya', 1, 5, NULL, NULL),
(616, 'Olaya Herrera', 1, 52, NULL, NULL),
(617, 'Onzaga', 1, 68, NULL, NULL),
(618, 'Oporapa', 1, 41, NULL, NULL),
(619, 'Orito', 1, 86, NULL, NULL),
(620, 'Orocué', 1, 85, NULL, NULL),
(621, 'Ortega', 1, 73, NULL, NULL),
(622, 'Ospina', 1, 52, NULL, NULL),
(623, 'Otanche', 1, 15, NULL, NULL),
(624, 'Ovejas', 1, 70, NULL, NULL),
(625, 'Pachavita', 1, 15, NULL, NULL),
(626, 'Pacho', 1, 25, NULL, NULL),
(627, 'Padilla', 1, 19, NULL, NULL),
(628, 'Paicol', 1, 41, NULL, NULL),
(629, 'Pailitas', 1, 20, NULL, NULL),
(630, 'Paime', 1, 25, NULL, NULL),
(631, 'Paipa', 1, 15, NULL, NULL),
(632, 'Pajarito', 1, 15, NULL, NULL),
(633, 'Palermo', 1, 41, NULL, NULL),
(634, 'Palestina', 1, 17, NULL, NULL),
(635, 'Palestina', 1, 41, NULL, NULL),
(636, 'Palmar', 1, 68, NULL, NULL),
(637, 'Palmar de Varela', 1, 8, NULL, NULL),
(638, 'Palmas del Socorro', 1, 68, NULL, NULL),
(639, 'Palmira', 1, 76, NULL, NULL),
(640, 'Palmito', 1, 70, NULL, NULL),
(641, 'Palocabildo', 1, 73, NULL, NULL),
(642, 'Pamplona', 1, 54, NULL, NULL),
(643, 'Pamplonita', 1, 54, NULL, NULL),
(644, 'Pandi', 1, 25, NULL, NULL),
(645, 'Panqueba', 1, 15, NULL, NULL),
(646, 'Paratebueno', 1, 25, NULL, NULL),
(647, 'Pasca', 1, 25, NULL, NULL),
(648, 'Patía (El Bordo)', 1, 19, NULL, NULL),
(649, 'Pauna', 1, 15, NULL, NULL),
(650, 'Paya', 1, 15, NULL, NULL),
(651, 'Paz de Ariporo', 1, 85, NULL, NULL),
(652, 'Paz de Río', 1, 15, NULL, NULL),
(653, 'Pedraza', 1, 47, NULL, NULL),
(654, 'Pelaya', 1, 20, NULL, NULL),
(655, 'Pensilvania', 1, 17, NULL, NULL),
(656, 'Peque', 1, 5, NULL, NULL),
(657, 'Pereira', 1, 66, NULL, NULL),
(658, 'Pesca', 1, 15, NULL, NULL),
(659, 'Peñol', 1, 5, NULL, NULL),
(660, 'Piamonte', 1, 19, NULL, NULL),
(661, 'Pie de Cuesta', 1, 68, NULL, NULL),
(662, 'Piedras', 1, 73, NULL, NULL),
(663, 'Piendamó', 1, 19, NULL, NULL),
(664, 'Pijao', 1, 63, NULL, NULL),
(665, 'Pijiño', 1, 47, NULL, NULL),
(666, 'Pinchote', 1, 68, NULL, NULL),
(667, 'Pinillos', 1, 13, NULL, NULL),
(668, 'Piojo', 1, 8, NULL, NULL),
(669, 'Pisva', 1, 15, NULL, NULL),
(670, 'Pital', 1, 41, NULL, NULL),
(671, 'Pitalito', 1, 41, NULL, NULL),
(672, 'Pivijay', 1, 47, NULL, NULL),
(673, 'Planadas', 1, 73, NULL, NULL),
(674, 'Planeta Rica', 1, 23, NULL, NULL),
(675, 'Plato', 1, 47, NULL, NULL),
(676, 'Policarpa', 1, 52, NULL, NULL),
(677, 'Polonuevo', 1, 8, NULL, NULL),
(678, 'Ponedera', 1, 8, NULL, NULL),
(679, 'Popayán', 1, 19, NULL, NULL),
(680, 'Pore', 1, 85, NULL, NULL),
(681, 'Potosí', 1, 52, NULL, NULL),
(682, 'Pradera', 1, 76, NULL, NULL),
(683, 'Prado', 1, 73, NULL, NULL),
(684, 'Providencia', 1, 52, NULL, NULL),
(685, 'Providencia', 1, 88, NULL, NULL),
(686, 'Pueblo Bello', 1, 20, NULL, NULL),
(687, 'Pueblo Nuevo', 1, 23, NULL, NULL),
(688, 'Pueblo Rico', 1, 66, NULL, NULL),
(689, 'Pueblorrico', 1, 5, NULL, NULL),
(690, 'Puebloviejo', 1, 47, NULL, NULL),
(691, 'Puente Nacional', 1, 68, NULL, NULL),
(692, 'Puerres', 1, 52, NULL, NULL),
(693, 'Puerto Asís', 1, 86, NULL, NULL),
(694, 'Puerto Berrío', 1, 5, NULL, NULL),
(695, 'Puerto Boyacá', 1, 15, NULL, NULL),
(696, 'Puerto Caicedo', 1, 86, NULL, NULL),
(697, 'Puerto Carreño', 1, 99, NULL, NULL),
(698, 'Puerto Colombia', 1, 8, NULL, NULL),
(699, 'Puerto Concordia', 1, 50, NULL, NULL),
(700, 'Puerto Escondido', 1, 23, NULL, NULL),
(701, 'Puerto Gaitán', 1, 50, NULL, NULL),
(702, 'Puerto Guzmán', 1, 86, NULL, NULL),
(703, 'Puerto Leguízamo', 1, 86, NULL, NULL),
(704, 'Puerto Libertador', 1, 23, NULL, NULL),
(705, 'Puerto Lleras', 1, 50, NULL, NULL),
(706, 'Puerto López', 1, 50, NULL, NULL),
(707, 'Puerto Nare', 1, 5, NULL, NULL),
(708, 'Puerto Nariño', 1, 91, NULL, NULL),
(709, 'Puerto Parra', 1, 68, NULL, NULL),
(710, 'Puerto Rico', 1, 18, NULL, NULL),
(711, 'Puerto Rico', 1, 50, NULL, NULL),
(712, 'Puerto Rondón', 1, 81, NULL, NULL),
(713, 'Puerto Salgar', 1, 25, NULL, NULL),
(714, 'Puerto Santander', 1, 54, NULL, NULL),
(715, 'Puerto Tejada', 1, 19, NULL, NULL),
(716, 'Puerto Triunfo', 1, 5, NULL, NULL),
(717, 'Puerto Wilches', 1, 68, NULL, NULL),
(718, 'Pulí', 1, 25, NULL, NULL),
(719, 'Pupiales', 1, 52, NULL, NULL),
(720, 'Puracé (Coconuco)', 1, 19, NULL, NULL),
(721, 'Purificación', 1, 73, NULL, NULL),
(722, 'Purísima', 1, 23, NULL, NULL),
(723, 'Pácora', 1, 17, NULL, NULL),
(724, 'Páez', 1, 15, NULL, NULL),
(725, 'Páez (Belalcazar)', 1, 19, NULL, NULL),
(726, 'Páramo', 1, 68, NULL, NULL),
(727, 'Quebradanegra', 1, 25, NULL, NULL),
(728, 'Quetame', 1, 25, NULL, NULL),
(729, 'Quibdó', 1, 27, NULL, NULL),
(730, 'Quimbaya', 1, 63, NULL, NULL),
(731, 'Quinchía', 1, 66, NULL, NULL),
(732, 'Quipama', 1, 15, NULL, NULL),
(733, 'Quipile', 1, 25, NULL, NULL),
(734, 'Ragonvalia', 1, 54, NULL, NULL),
(735, 'Ramiriquí', 1, 15, NULL, NULL),
(736, 'Recetor', 1, 85, NULL, NULL),
(737, 'Regidor', 1, 13, NULL, NULL),
(738, 'Remedios', 1, 5, NULL, NULL),
(739, 'Remolino', 1, 47, NULL, NULL),
(740, 'Repelón', 1, 8, NULL, NULL),
(741, 'Restrepo', 1, 50, NULL, NULL),
(742, 'Restrepo', 1, 76, NULL, NULL),
(743, 'Retiro', 1, 5, NULL, NULL),
(744, 'Ricaurte', 1, 25, NULL, NULL),
(745, 'Ricaurte', 1, 52, NULL, NULL),
(746, 'Rio Negro', 1, 68, NULL, NULL),
(747, 'Rioblanco', 1, 73, NULL, NULL),
(748, 'Riofrío', 1, 76, NULL, NULL),
(749, 'Riohacha', 1, 44, NULL, NULL),
(750, 'Risaralda', 1, 17, NULL, NULL),
(751, 'Rivera', 1, 41, NULL, NULL),
(752, 'Roberto Payán (San José)', 1, 52, NULL, NULL),
(753, 'Roldanillo', 1, 76, NULL, NULL),
(754, 'Roncesvalles', 1, 73, NULL, NULL),
(755, 'Rondón', 1, 15, NULL, NULL),
(756, 'Rosas', 1, 19, NULL, NULL),
(757, 'Rovira', 1, 73, NULL, NULL),
(758, 'Ráquira', 1, 15, NULL, NULL),
(759, 'Río Iró', 1, 27, NULL, NULL),
(760, 'Río Quito', 1, 27, NULL, NULL),
(761, 'Río Sucio', 1, 17, NULL, NULL),
(762, 'Río Viejo', 1, 13, NULL, NULL),
(763, 'Río de oro', 1, 20, NULL, NULL),
(764, 'Ríonegro', 1, 5, NULL, NULL),
(765, 'Ríosucio', 1, 27, NULL, NULL),
(766, 'Sabana de Torres', 1, 68, NULL, NULL),
(767, 'Sabanagrande', 1, 8, NULL, NULL),
(768, 'Sabanalarga', 1, 5, NULL, NULL),
(769, 'Sabanalarga', 1, 8, NULL, NULL),
(770, 'Sabanalarga', 1, 85, NULL, NULL),
(771, 'Sabanas de San Angel (SAN ANGEL)', 1, 47, NULL, NULL),
(772, 'Sabaneta', 1, 5, NULL, NULL),
(773, 'Saboyá', 1, 15, NULL, NULL),
(774, 'Sahagún', 1, 23, NULL, NULL),
(775, 'Saladoblanco', 1, 41, NULL, NULL),
(776, 'Salamina', 1, 17, NULL, NULL),
(777, 'Salamina', 1, 47, NULL, NULL),
(778, 'Salazar', 1, 54, NULL, NULL),
(779, 'Saldaña', 1, 73, NULL, NULL),
(780, 'Salento', 1, 63, NULL, NULL),
(781, 'Salgar', 1, 5, NULL, NULL),
(782, 'Samacá', 1, 15, NULL, NULL),
(783, 'Samaniego', 1, 52, NULL, NULL),
(784, 'Samaná', 1, 17, NULL, NULL),
(785, 'Sampués', 1, 70, NULL, NULL),
(786, 'San Agustín', 1, 41, NULL, NULL),
(787, 'San Alberto', 1, 20, NULL, NULL),
(788, 'San Andrés', 1, 68, NULL, NULL),
(789, 'San Andrés Sotavento', 1, 23, NULL, NULL),
(790, 'San Andrés de Cuerquía', 1, 5, NULL, NULL),
(791, 'San Antero', 1, 23, NULL, NULL),
(792, 'San Antonio', 1, 73, NULL, NULL),
(793, 'San Antonio de Tequendama', 1, 25, NULL, NULL),
(794, 'San Benito', 1, 68, NULL, NULL),
(795, 'San Benito Abad', 1, 70, NULL, NULL),
(796, 'San Bernardo', 1, 25, NULL, NULL),
(797, 'San Bernardo', 1, 52, NULL, NULL),
(798, 'San Bernardo del Viento', 1, 23, NULL, NULL),
(799, 'San Calixto', 1, 54, NULL, NULL),
(800, 'San Carlos', 1, 5, NULL, NULL),
(801, 'San Carlos', 1, 23, NULL, NULL),
(802, 'San Carlos de Guaroa', 1, 50, NULL, NULL),
(803, 'San Cayetano', 1, 25, NULL, NULL),
(804, 'San Cayetano', 1, 54, NULL, NULL),
(805, 'San Cristobal', 1, 13, NULL, NULL),
(806, 'San Diego', 1, 20, NULL, NULL),
(807, 'San Eduardo', 1, 15, NULL, NULL),
(808, 'San Estanislao', 1, 13, NULL, NULL),
(809, 'San Fernando', 1, 13, NULL, NULL),
(810, 'San Francisco', 1, 5, NULL, NULL),
(811, 'San Francisco', 1, 25, NULL, NULL),
(812, 'San Francisco', 1, 86, NULL, NULL),
(813, 'San Gíl', 1, 68, NULL, NULL),
(814, 'San Jacinto', 1, 13, NULL, NULL),
(815, 'San Jacinto del Cauca', 1, 13, NULL, NULL),
(816, 'San Jerónimo', 1, 5, NULL, NULL),
(817, 'San Joaquín', 1, 68, NULL, NULL),
(818, 'San José', 1, 17, NULL, NULL),
(819, 'San José de Miranda', 1, 68, NULL, NULL),
(820, 'San José de Montaña', 1, 5, NULL, NULL),
(821, 'San José de Pare', 1, 15, NULL, NULL),
(822, 'San José de Uré', 1, 23, NULL, NULL),
(823, 'San José del Fragua', 1, 18, NULL, NULL),
(824, 'San José del Guaviare', 1, 95, NULL, NULL),
(825, 'San José del Palmar', 1, 27, NULL, NULL),
(826, 'San Juan de Arama', 1, 50, NULL, NULL),
(827, 'San Juan de Betulia', 1, 70, NULL, NULL),
(828, 'San Juan de Nepomuceno', 1, 13, NULL, NULL),
(829, 'San Juan de Pasto', 1, 52, NULL, NULL),
(830, 'San Juan de Río Seco', 1, 25, NULL, NULL),
(831, 'San Juan de Urabá', 1, 5, NULL, NULL),
(832, 'San Juan del Cesar', 1, 44, NULL, NULL),
(833, 'San Juanito', 1, 50, NULL, NULL),
(834, 'San Lorenzo', 1, 52, NULL, NULL),
(835, 'San Luis', 1, 73, NULL, NULL),
(836, 'San Luís', 1, 5, NULL, NULL),
(837, 'San Luís de Gaceno', 1, 15, NULL, NULL),
(838, 'San Luís de Palenque', 1, 85, NULL, NULL),
(839, 'San Marcos', 1, 70, NULL, NULL),
(840, 'San Martín', 1, 20, NULL, NULL),
(841, 'San Martín', 1, 50, NULL, NULL),
(842, 'San Martín de Loba', 1, 13, NULL, NULL),
(843, 'San Mateo', 1, 15, NULL, NULL),
(844, 'San Miguel', 1, 68, NULL, NULL),
(845, 'San Miguel', 1, 86, NULL, NULL),
(846, 'San Miguel de Sema', 1, 15, NULL, NULL),
(847, 'San Onofre', 1, 70, NULL, NULL),
(848, 'San Pablo', 1, 13, NULL, NULL),
(849, 'San Pablo', 1, 52, NULL, NULL),
(850, 'San Pablo de Borbur', 1, 15, NULL, NULL),
(851, 'San Pedro', 1, 5, NULL, NULL),
(852, 'San Pedro', 1, 70, NULL, NULL),
(853, 'San Pedro', 1, 76, NULL, NULL),
(854, 'San Pedro de Cartago', 1, 52, NULL, NULL),
(855, 'San Pedro de Urabá', 1, 5, NULL, NULL),
(856, 'San Pelayo', 1, 23, NULL, NULL),
(857, 'San Rafael', 1, 5, NULL, NULL),
(858, 'San Roque', 1, 5, NULL, NULL),
(859, 'San Sebastián', 1, 19, NULL, NULL),
(860, 'San Sebastián de Buenavista', 1, 47, NULL, NULL),
(861, 'San Vicente', 1, 5, NULL, NULL),
(862, 'San Vicente del Caguán', 1, 18, NULL, NULL),
(863, 'San Vicente del Chucurí', 1, 68, NULL, NULL),
(864, 'San Zenón', 1, 47, NULL, NULL),
(865, 'Sandoná', 1, 52, NULL, NULL),
(866, 'Santa Ana', 1, 47, NULL, NULL),
(867, 'Santa Bárbara', 1, 5, NULL, NULL),
(868, 'Santa Bárbara', 1, 68, NULL, NULL),
(869, 'Santa Bárbara (Iscuandé)', 1, 52, NULL, NULL),
(870, 'Santa Bárbara de Pinto', 1, 47, NULL, NULL),
(871, 'Santa Catalina', 1, 13, NULL, NULL),
(872, 'Santa Fé de Antioquia', 1, 5, NULL, NULL),
(873, 'Santa Genoveva de Docorodó', 1, 27, NULL, NULL),
(874, 'Santa Helena del Opón', 1, 68, NULL, NULL),
(875, 'Santa Isabel', 1, 73, NULL, NULL),
(876, 'Santa Lucía', 1, 8, NULL, NULL),
(877, 'Santa Marta', 1, 47, NULL, NULL),
(878, 'Santa María', 1, 15, NULL, NULL),
(879, 'Santa María', 1, 41, NULL, NULL),
(880, 'Santa Rosa', 1, 13, NULL, NULL),
(881, 'Santa Rosa', 1, 19, NULL, NULL),
(882, 'Santa Rosa de Cabal', 1, 66, NULL, NULL),
(883, 'Santa Rosa de Osos', 1, 5, NULL, NULL),
(884, 'Santa Rosa de Viterbo', 1, 15, NULL, NULL),
(885, 'Santa Rosa del Sur', 1, 13, NULL, NULL),
(886, 'Santa Rosalía', 1, 99, NULL, NULL),
(887, 'Santa Sofía', 1, 15, NULL, NULL),
(888, 'Santana', 1, 15, NULL, NULL),
(889, 'Santander de Quilichao', 1, 19, NULL, NULL),
(890, 'Santiago', 1, 54, NULL, NULL),
(891, 'Santiago', 1, 86, NULL, NULL),
(892, 'Santo Domingo', 1, 5, NULL, NULL),
(893, 'Santo Tomás', 1, 8, NULL, NULL),
(894, 'Santuario', 1, 5, NULL, NULL),
(895, 'Santuario', 1, 66, NULL, NULL),
(896, 'Sapuyes', 1, 52, NULL, NULL),
(897, 'Saravena', 1, 81, NULL, NULL),
(898, 'Sardinata', 1, 54, NULL, NULL),
(899, 'Sasaima', 1, 25, NULL, NULL),
(900, 'Sativanorte', 1, 15, NULL, NULL),
(901, 'Sativasur', 1, 15, NULL, NULL),
(902, 'Segovia', 1, 5, NULL, NULL),
(903, 'Sesquilé', 1, 25, NULL, NULL),
(904, 'Sevilla', 1, 76, NULL, NULL),
(905, 'Siachoque', 1, 15, NULL, NULL),
(906, 'Sibaté', 1, 25, NULL, NULL),
(907, 'Sibundoy', 1, 86, NULL, NULL),
(908, 'Silos', 1, 54, NULL, NULL),
(909, 'Silvania', 1, 25, NULL, NULL),
(910, 'Silvia', 1, 19, NULL, NULL),
(911, 'Simacota', 1, 68, NULL, NULL),
(912, 'Simijaca', 1, 25, NULL, NULL),
(913, 'Simití', 1, 13, NULL, NULL),
(914, 'Sincelejo', 1, 70, NULL, NULL),
(915, 'Sincé', 1, 70, NULL, NULL),
(916, 'Sipí', 1, 27, NULL, NULL),
(917, 'Sitionuevo', 1, 47, NULL, NULL),
(918, 'Soacha', 1, 25, NULL, NULL),
(919, 'Soatá', 1, 15, NULL, NULL),
(920, 'Socha', 1, 15, NULL, NULL),
(921, 'Socorro', 1, 68, NULL, NULL),
(922, 'Socotá', 1, 15, NULL, NULL),
(923, 'Sogamoso', 1, 15, NULL, NULL),
(924, 'Solano', 1, 18, NULL, NULL),
(925, 'Soledad', 1, 8, NULL, NULL),
(926, 'Solita', 1, 18, NULL, NULL),
(927, 'Somondoco', 1, 15, NULL, NULL),
(928, 'Sonsón', 1, 5, NULL, NULL),
(929, 'Sopetrán', 1, 5, NULL, NULL),
(930, 'Soplaviento', 1, 13, NULL, NULL),
(931, 'Sopó', 1, 25, NULL, NULL),
(932, 'Sora', 1, 15, NULL, NULL),
(933, 'Soracá', 1, 15, NULL, NULL),
(934, 'Sotaquirá', 1, 15, NULL, NULL),
(935, 'Sotara (Paispamba)', 1, 19, NULL, NULL),
(936, 'Sotomayor (Los Andes)', 1, 52, NULL, NULL),
(937, 'Suaita', 1, 68, NULL, NULL),
(938, 'Suan', 1, 8, NULL, NULL),
(939, 'Suaza', 1, 41, NULL, NULL),
(940, 'Subachoque', 1, 25, NULL, NULL),
(941, 'Sucre', 1, 19, NULL, NULL),
(942, 'Sucre', 1, 68, NULL, NULL),
(943, 'Sucre', 1, 70, NULL, NULL),
(944, 'Suesca', 1, 25, NULL, NULL),
(945, 'Supatá', 1, 25, NULL, NULL),
(946, 'Supía', 1, 17, NULL, NULL),
(947, 'Suratá', 1, 68, NULL, NULL),
(948, 'Susa', 1, 25, NULL, NULL),
(949, 'Susacón', 1, 15, NULL, NULL),
(950, 'Sutamarchán', 1, 15, NULL, NULL),
(951, 'Sutatausa', 1, 25, NULL, NULL),
(952, 'Sutatenza', 1, 15, NULL, NULL),
(953, 'Suárez', 1, 19, NULL, NULL),
(954, 'Suárez', 1, 73, NULL, NULL),
(955, 'Sácama', 1, 85, NULL, NULL),
(956, 'Sáchica', 1, 15, NULL, NULL),
(957, 'Tabio', 1, 25, NULL, NULL),
(958, 'Tadó', 1, 27, NULL, NULL),
(959, 'Talaigua Nuevo', 1, 13, NULL, NULL),
(960, 'Tamalameque', 1, 20, NULL, NULL),
(961, 'Tame', 1, 81, NULL, NULL),
(962, 'Taminango', 1, 52, NULL, NULL),
(963, 'Tangua', 1, 52, NULL, NULL),
(964, 'Taraira', 1, 97, NULL, NULL),
(965, 'Tarazá', 1, 5, NULL, NULL),
(966, 'Tarqui', 1, 41, NULL, NULL),
(967, 'Tarso', 1, 5, NULL, NULL),
(968, 'Tasco', 1, 15, NULL, NULL),
(969, 'Tauramena', 1, 85, NULL, NULL),
(970, 'Tausa', 1, 25, NULL, NULL),
(971, 'Tello', 1, 41, NULL, NULL),
(972, 'Tena', 1, 25, NULL, NULL),
(973, 'Tenerife', 1, 47, NULL, NULL),
(974, 'Tenjo', 1, 25, NULL, NULL),
(975, 'Tenza', 1, 15, NULL, NULL),
(976, 'Teorama', 1, 54, NULL, NULL),
(977, 'Teruel', 1, 41, NULL, NULL),
(978, 'Tesalia', 1, 41, NULL, NULL),
(979, 'Tibacuy', 1, 25, NULL, NULL),
(980, 'Tibaná', 1, 15, NULL, NULL),
(981, 'Tibasosa', 1, 15, NULL, NULL),
(982, 'Tibirita', 1, 25, NULL, NULL),
(983, 'Tibú', 1, 54, NULL, NULL),
(984, 'Tierralta', 1, 23, NULL, NULL),
(985, 'Timaná', 1, 41, NULL, NULL),
(986, 'Timbiquí', 1, 19, NULL, NULL),
(987, 'Timbío', 1, 19, NULL, NULL),
(988, 'Tinjacá', 1, 15, NULL, NULL),
(989, 'Tipacoque', 1, 15, NULL, NULL),
(990, 'Tiquisio (Puerto Rico)', 1, 13, NULL, NULL),
(991, 'Titiribí', 1, 5, NULL, NULL),
(992, 'Toca', 1, 15, NULL, NULL),
(993, 'Tocaima', 1, 25, NULL, NULL),
(994, 'Tocancipá', 1, 25, NULL, NULL),
(995, 'Toguí', 1, 15, NULL, NULL),
(996, 'Toledo', 1, 5, NULL, NULL),
(997, 'Toledo', 1, 54, NULL, NULL),
(998, 'Tolú', 1, 70, NULL, NULL),
(999, 'Tolú Viejo', 1, 70, NULL, NULL),
(1000, 'Tona', 1, 68, NULL, NULL),
(1001, 'Topagá', 1, 15, NULL, NULL),
(1002, 'Topaipí', 1, 25, NULL, NULL),
(1003, 'Toribío', 1, 19, NULL, NULL),
(1004, 'Toro', 1, 76, NULL, NULL),
(1005, 'Tota', 1, 15, NULL, NULL),
(1006, 'Totoró', 1, 19, NULL, NULL),
(1007, 'Trinidad', 1, 85, NULL, NULL),
(1008, 'Trujillo', 1, 76, NULL, NULL),
(1009, 'Tubará', 1, 8, NULL, NULL),
(1010, 'Tuchín', 1, 23, NULL, NULL),
(1011, 'Tulúa', 1, 76, NULL, NULL),
(1012, 'Tumaco', 1, 52, NULL, NULL),
(1013, 'Tunja', 1, 15, NULL, NULL),
(1014, 'Tunungua', 1, 15, NULL, NULL),
(1015, 'Turbaco', 1, 13, NULL, NULL),
(1016, 'Turbaná', 1, 13, NULL, NULL),
(1017, 'Turbo', 1, 5, NULL, NULL),
(1018, 'Turmequé', 1, 15, NULL, NULL),
(1019, 'Tuta', 1, 15, NULL, NULL),
(1020, 'Tutasá', 1, 15, NULL, NULL),
(1021, 'Támara', 1, 85, NULL, NULL),
(1022, 'Támesis', 1, 5, NULL, NULL),
(1023, 'Túquerres', 1, 52, NULL, NULL),
(1024, 'Ubalá', 1, 25, NULL, NULL),
(1025, 'Ubaque', 1, 25, NULL, NULL),
(1026, 'Ubaté', 1, 25, NULL, NULL),
(1027, 'Ulloa', 1, 76, NULL, NULL),
(1028, 'Une', 1, 25, NULL, NULL),
(1029, 'Unguía', 1, 27, NULL, NULL),
(1030, 'Unión Panamericana (ÁNIMAS)', 1, 27, NULL, NULL),
(1031, 'Uramita', 1, 5, NULL, NULL),
(1032, 'Uribe', 1, 50, NULL, NULL),
(1033, 'Uribia', 1, 44, NULL, NULL),
(1034, 'Urrao', 1, 5, NULL, NULL),
(1035, 'Urumita', 1, 44, NULL, NULL),
(1036, 'Usiacuri', 1, 8, NULL, NULL),
(1037, 'Valdivia', 1, 5, NULL, NULL),
(1038, 'Valencia', 1, 23, NULL, NULL),
(1039, 'Valle de San José', 1, 68, NULL, NULL),
(1040, 'Valle de San Juan', 1, 73, NULL, NULL),
(1041, 'Valle del Guamuez', 1, 86, NULL, NULL),
(1042, 'Valledupar', 1, 20, NULL, NULL),
(1043, 'Valparaiso', 1, 5, NULL, NULL),
(1044, 'Valparaiso', 1, 18, NULL, NULL),
(1045, 'Vegachí', 1, 5, NULL, NULL),
(1046, 'Venadillo', 1, 73, NULL, NULL),
(1047, 'Venecia', 1, 5, NULL, NULL),
(1048, 'Venecia (Ospina Pérez)', 1, 25, NULL, NULL),
(1049, 'Ventaquemada', 1, 15, NULL, NULL),
(1050, 'Vergara', 1, 25, NULL, NULL),
(1051, 'Versalles', 1, 76, NULL, NULL),
(1052, 'Vetas', 1, 68, NULL, NULL),
(1053, 'Viani', 1, 25, NULL, NULL),
(1054, 'Vigía del Fuerte', 1, 5, NULL, NULL),
(1055, 'Vijes', 1, 76, NULL, NULL),
(1056, 'Villa Caro', 1, 54, NULL, NULL),
(1057, 'Villa Rica', 1, 19, NULL, NULL),
(1058, 'Villa de Leiva', 1, 15, NULL, NULL),
(1059, 'Villa del Rosario', 1, 54, NULL, NULL),
(1060, 'Villagarzón', 1, 86, NULL, NULL),
(1061, 'Villagómez', 1, 25, NULL, NULL),
(1062, 'Villahermosa', 1, 73, NULL, NULL),
(1063, 'Villamaría', 1, 17, NULL, NULL),
(1064, 'Villanueva', 1, 13, NULL, NULL),
(1065, 'Villanueva', 1, 44, NULL, NULL),
(1066, 'Villanueva', 1, 68, NULL, NULL),
(1067, 'Villanueva', 1, 85, NULL, NULL),
(1068, 'Villapinzón', 1, 25, NULL, NULL),
(1069, 'Villarrica', 1, 73, NULL, NULL),
(1070, 'Villavicencio', 1, 50, NULL, NULL),
(1071, 'Villavieja', 1, 41, NULL, NULL),
(1072, 'Villeta', 1, 25, NULL, NULL),
(1073, 'Viotá', 1, 25, NULL, NULL),
(1074, 'Viracachá', 1, 15, NULL, NULL),
(1075, 'Vista Hermosa', 1, 50, NULL, NULL),
(1076, 'Viterbo', 1, 17, NULL, NULL),
(1077, 'Vélez', 1, 68, NULL, NULL),
(1078, 'Yacopí', 1, 25, NULL, NULL),
(1079, 'Yacuanquer', 1, 52, NULL, NULL),
(1080, 'Yaguará', 1, 41, NULL, NULL),
(1081, 'Yalí', 1, 5, NULL, NULL),
(1082, 'Yarumal', 1, 5, NULL, NULL),
(1083, 'Yolombó', 1, 5, NULL, NULL),
(1084, 'Yondó (Casabe)', 1, 5, NULL, NULL),
(1085, 'Yopal', 1, 85, NULL, NULL),
(1086, 'Yotoco', 1, 76, NULL, NULL),
(1087, 'Yumbo', 1, 76, NULL, NULL),
(1088, 'Zambrano', 1, 13, NULL, NULL),
(1089, 'Zapatoca', 1, 68, NULL, NULL),
(1090, 'Zapayán (PUNTA DE PIEDRAS)', 1, 47, NULL, NULL),
(1091, 'Zaragoza', 1, 5, NULL, NULL),
(1092, 'Zarzal', 1, 76, NULL, NULL),
(1093, 'Zetaquirá', 1, 15, NULL, NULL),
(1094, 'Zipacón', 1, 25, NULL, NULL),
(1095, 'Zipaquirá', 1, 25, NULL, NULL),
(1096, 'Zona Bananera (PRADO - SEVILLA)', 1, 47, NULL, NULL),
(1097, 'Ábrego', 1, 54, NULL, NULL),
(1098, 'Íquira', 1, 41, NULL, NULL),
(1099, 'Úmbita', 1, 15, NULL, NULL),
(1100, 'Útica', 1, 25, NULL, NULL);

INSERT INTO `modulos` (`id`, `nombre`, `created_at`, `updated_at`) VALUES
(1, 'Tránsito', '2024-07-04 18:36:02', '2024-07-04 18:36:02'),
(2, 'Registraduría', '2024-07-04 18:36:21', '2024-07-04 18:36:21'),
(3, 'Seguridad Social', '2024-07-04 18:36:49', '2024-07-04 18:36:49'),
(4, 'Antecedentes', '2024-07-04 18:37:09', '2024-07-04 18:37:09'),
(5, 'Colpensiones', '2024-07-04 18:37:38', '2024-07-04 18:37:38'),
(6, 'Seguridad', '2024-07-04 18:38:01', '2024-07-04 18:38:01'),
(7, 'UGPP', '2024-07-04 18:38:20', '2024-07-04 18:38:20'),
(8, 'Negocios', '2024-07-04 18:38:45', '2024-07-04 18:38:45'),
(9, 'Crédito', '2024-07-04 18:39:07', '2024-07-04 18:39:07'),
(10, 'Otros', '2024-07-04 18:39:29', '2024-07-04 18:39:29');

INSERT INTO `links` (`id`, `link`, `nombre`, `id_modulo`, `created_at`, `updated_at`) VALUES
(1, 'https://consultas.verifique.se/', 'Renovación de Licencias de Conducción (Pico y Cédula)', 1, '2024-07-04 19:18:26', '2024-07-04 19:26:24'),
(2, 'https://fcm.org.co/simit/#/home-public', 'Infracciones tránsito (SIMIT)', 1, '2024-07-04 19:29:07', '2024-07-04 19:29:07'),
(3, 'https://www.runt.com.co/consultaCiudadana/#/consultaPersona', 'Licencias de conducción (RUNT)', 1, '2024-07-04 19:32:57', '2024-07-04 19:32:57'),
(4, 'https://www.runt.com.co/consultaCiudadana/#/consultaVehiculo', 'Consulta Automotores (RUNT)', 1, '2024-07-04 19:34:54', '2024-07-04 19:34:54'),
(5, 'https://wsp.registraduria.gov.co/censo/consultar', 'Lugar de Votación', 2, '2024-07-06 00:12:01', '2024-07-06 00:12:01'),
(6, 'https://wsp.registraduria.gov.co/jurados_atipicas/consultar_jurados.php', '¿Soy Jurado de Votación?', 2, '2024-07-06 00:14:47', '2024-07-06 00:14:47'),
(7, 'https://ceduladigital.registraduria.gov.co/index', 'Trámite Cédula Digital', 2, '2024-07-06 00:19:06', '2024-07-06 00:19:06'),
(8, 'https://agenda.registraduria.gov.co/agenda/', 'Agendar citas', 2, '2024-07-06 00:20:45', '2024-07-06 00:20:45'),
(9, 'https://certvigenciacedula.registraduria.gov.co/Datos.aspx', 'Certificado de Estado de Cédula de Ciudadanía', 2, '2024-07-06 00:24:24', '2024-07-06 00:25:14'),
(10, 'https://wsp.registraduria.gov.co/estado_docs/documento/consultar/', 'Estado trámite de Cédula de Ciudadanía', 2, '2024-07-06 00:30:21', '2024-07-06 00:30:21'),
(11, 'https://consultasrc.registraduria.gov.co:28080/ProyectoSCCRC/', 'Certificados de Registro Civil', 2, '2024-07-06 00:32:49', '2024-07-06 00:32:49'),
(12, 'https://reportes.sisben.gov.co/dnp_sisbenconsulta', 'Consulta Sisbén', 3, '2024-07-06 17:22:45', '2024-07-06 17:22:45'),
(13, 'https://aplicaciones.adres.gov.co/bdua_Internet/Pages/ConsultarAfiliadoWeb.aspx', 'EPS Ley 100 (BDUA)', 3, '2024-07-06 17:23:24', '2024-07-06 17:23:24'),
(14, 'https://miseguridadsocial.gov.co/Seguridad/Login/IniciarSesion', 'Mi Seguridad Social', 3, '2024-07-06 17:23:52', '2024-07-06 18:28:41'),
(15, 'https://antecedentes.policia.gov.co:7005/WebJudicial/', 'Antecedentes Judiciales (PONAL)', 4, '2024-07-08 01:58:35', '2024-07-08 01:58:35'),
(16, 'https://procesos.ramajudicial.gov.co/procesoscs/ConsultaJusticias21.aspx?EntryId=Azb3I%2fT8BQkISgLmsIgHpkXzn1E%3d', 'Procesos judiciales Colombia', 4, '2024-07-08 02:06:49', '2024-07-08 02:06:49'),
(17, 'https://www.ramajudicial.gov.co/', 'Antecedentes Abogados (RAMA)', 4, '2024-07-08 02:08:07', '2024-07-08 02:17:11'),
(18, 'https://cfiscal.contraloria.gov.co/Certificados/CertificadoPersonaNatural.aspx', 'Certificado Contraloría', 4, '2024-07-08 02:12:16', '2024-07-08 02:12:16'),
(19, 'https://eris.contaduria.gov.co/BDME/', 'Boletín Deudores Morosos', 4, '2024-07-08 02:15:34', '2024-07-08 02:15:34'),
(20, 'https://www.procuraduria.gov.co/Pages/Consulta-de-Antecedentes.aspx', 'Certificado Procuraduría', 4, '2024-07-08 02:18:23', '2024-07-08 02:18:23'),
(21, 'https://sede.colpensiones.gov.co/loader.php?lServicio=Se&lTipo=Process&lFuncion=start&id=96', 'Colpensiones - Certificado de afiliación / no afiliación', 5, '2024-07-08 03:42:01', '2024-07-08 03:42:01'),
(22, 'https://sede.colpensiones.gov.co/loader.php?lServicio=Se&lTipo=Process&lFuncion=start&id=96', 'Colpensiones-Certificado de no pensión', 5, '2024-07-08 03:44:41', '2024-07-08 03:44:41'),
(23, 'https://sede.colpensiones.gov.co/loader.php?lServicio=Se&lTipo=Process&lFuncion=start&id=96', 'Certificado de Vinculación y no Vinculación BEPS', 5, '2024-07-08 03:45:29', '2024-07-08 03:45:29'),
(24, 'https://sede.colpensiones.gov.co/loader.php?lServicio=Se&lTipo=Process&lFuncion=start&id=96', 'Proyecta tu ahorro en BEPS', 5, '2024-07-08 03:46:38', '2024-07-08 03:46:38'),
(25, 'https://sede.colpensiones.gov.co/loader.php?lServicio=Se&lTipo=Process&lFuncion=start&id=96', 'Agendamiento Programación de llamadas', 5, '2024-07-08 03:48:09', '2024-07-08 03:48:09'),
(26, 'https://sede.colpensiones.gov.co/loader.php?lServicio=Se&lTipo=Process&lFuncion=start&id=96', 'Consulta de estado de su solicitud', 5, '2024-07-08 03:49:24', '2024-07-08 03:49:24'),
(27, 'https://sede.colpensiones.gov.co/loader.php?lServicio=Se&lTipo=Process&lFuncion=start&id=96', 'Cálculo actuarial empleador privado', 5, '2024-07-08 03:50:27', '2024-07-08 03:50:27'),
(28, 'https://sede.colpensiones.gov.co/loader.php?lServicio=Se&lTipo=Process&lFuncion=start&id=96', 'Calcula el valor de tu pensión', 5, '2024-07-08 03:51:20', '2024-07-08 03:51:53'),
(29, 'https://sede.colpensiones.gov.co/loader.php?lServicio=Se&lTipo=Process&lFuncion=start&id=96', 'PQRS - Empleador y menor de edad', 5, '2024-07-08 03:52:50', '2024-07-08 03:52:50'),
(30, 'https://www.zijurikyzi.info', 'Libreta Militar', 6, '2024-07-08 18:22:02', '2024-07-08 18:22:02'),
(31, 'https://www.buficygifomif.org', 'Policía Registró Medidas Correctivas', 6, '2024-07-08 18:22:45', '2024-07-08 18:22:45'),
(32, 'https://www.hunep.biz', 'RNMC - NUEVA', 6, '2024-07-08 18:23:09', '2024-07-08 18:23:09'),
(33, 'https://www.conifyjobi.cc', 'Interpol', 6, '2024-07-08 18:23:36', '2024-07-08 18:23:36'),
(34, 'https://www.todaniperyq.com.au', 'Consulta documentos extraviados en la policía', 6, '2024-07-08 18:24:10', '2024-07-08 18:24:29'),
(35, 'https://www.saqaqenizo.biz', 'OFAC', 6, '2024-07-08 18:24:59', '2024-07-08 18:24:59'),
(36, 'https://www.cenisucogofylic.me', 'Consulte su cédula en UGPP', 7, '2024-07-08 19:05:00', '2024-07-08 19:05:00'),
(37, 'https://www.rabifebywehi.biz', 'Estado del Trámite Pensional', 7, '2024-07-08 19:05:28', '2024-07-08 19:05:28'),
(38, 'https://www.wedoboluz.ca', 'Agendar/Consultar asesoría en pensiones o en parafiscales', 7, '2024-07-08 19:05:59', '2024-07-08 19:05:59'),
(39, 'https://www.varybuxyhyr.co', 'Certificado de No Pensión', 7, '2024-07-08 19:06:23', '2024-07-08 19:06:23'),
(40, 'https://www.zupytyjem.info', 'Estado RUT (DIAN)', 8, '2024-07-08 19:35:44', '2024-07-08 19:35:44'),
(41, 'https://www.pukaqexifypymev.com', 'Registro Mercantil de las cámaras de comercio (RUES)', 8, '2024-07-08 19:36:14', '2024-07-08 19:36:14'),
(42, 'https://www.pawuzysukozyb.net', 'Cifin', 9, '2024-07-08 19:37:15', '2024-07-08 19:37:15'),
(44, 'https://www.pigizip.info', 'Módulo para solicitud de reclamos DataCrédito', 9, '2024-07-08 19:37:44', '2024-07-08 19:37:44'),
(45, 'https://www.bezekupoceziw.org.au', 'Resultado crédito Icetex', 9, '2024-07-08 19:38:12', '2024-07-08 19:38:12'),
(46, 'https://www.fetaqypojanarij.in', 'Condonación de ICETEX', 10, '2024-07-08 19:41:18', '2024-07-08 19:41:18'),
(47, 'https://www.myzulyfop.us', 'Certificados Sena', 10, '2024-07-08 19:41:39', '2024-07-08 19:41:39'),
(48, 'https://www.xicejitiqo.cc', 'Resultado ICFES (Hasta 2014-1)', 10, '2024-07-08 19:42:03', '2024-07-08 19:42:03'),
(49, 'https://www.bohifileqipebec.ca', 'Certificado pago ASOPAGOS de este mes', 10, '2024-07-08 19:42:26', '2024-07-08 19:42:26'),
(50, 'https://www.makefasyvikowu.info', 'Resultado Icfes Saber Pro', 10, '2024-07-08 19:42:48', '2024-07-08 19:45:17'),
(51, 'https://www.tycezyjaloteguk.co', 'Consulta de planillas asistidas SOI', 10, '2024-07-08 19:43:06', '2024-07-08 19:43:06'),
(52, 'https://www.jydunegodyqypeh.biz', 'Consulta beneficiario devolución del IVA', 10, '2024-07-08 19:43:30', '2024-07-08 19:43:30'),
(53, 'https://www.byj.in', 'Consulta beneficiario del ingreso solidario', 10, '2024-07-08 19:44:08', '2024-07-08 19:46:27');

INSERT INTO `filtros_pdfs` (`id`, `nombre_modulo`, `visible`, `created_at`, `updated_at`) VALUES
(1, 'Datos Aspirante', 1, '2024-07-13 16:00:00', '2024-07-13 16:00:00'),
(2, 'Información Laboral', 1, '2024-07-13 16:00:39', '2024-07-13 16:00:39'),
(3, 'Información Académica', 1, '2024-07-13 16:01:31', '2024-07-13 16:01:31'),
(4, 'Foto Perfil', 1, '2024-07-13 16:02:30', '2024-07-13 16:02:30'),
(5, 'Carta Autorizaciòn', 1, NULL, NULL),
(6, 'Tránsito', 1, NULL, NULL),
(7, 'Registraduría', 1, NULL, NULL),
(8, 'Seguridad Social', 1, NULL, NULL),
(9, 'Antecedentes', 1, NULL, NULL),
(10, 'Colpensiones', 1, NULL, NULL),
(11, 'Seguridad', 1, NULL, NULL),
(12, 'UGPP', 1, NULL, NULL),
(13, 'Negocios', 1, NULL, NULL),
(14, 'Crédito', 1, NULL, NULL),
(15, 'Otros', 1, NULL, NULL);